SN,id,farm_id,date_interview_dd,date_interview_mm,date_interview_yyyy,country,sector_state,action_site,village,gps_latitude,gps_longitude,gps_altitude,gps_latitude_dec,gps_longitude_dec,instanceid
1,8963,IS_RW_BG121,3,5,2013,Rwanda,Nyamata,Bugesera,Nyarugati II,,,1434,-2.2,30.1,
2,8964,IS_RW_BG122,3,5,2013,Rwanda,Nyamata,Bugesera,Kagirazina,,,1421,-2.2,30.1,
3,8965,IS_RW_BG123,3,5,2013,Rwanda,Nyamata,Bugesera,Nyarugati I,,,1434,-2.2,30.1,
4,8966,IS_RW_BG124,6,5,2013,Rwanda,Nyamata,Bugesera,Nyarugati I,,,1419,-2.2,30.1,
5,8967,IS_RW_BG125,6,5,2013,Rwanda,Nyamata,Bugesera,Kagirazina,,,1362,-2.2,30.1,
6,8968,IS_RW_BG126,6,5,2013,Rwanda,Nyamata,Bugesera,Gitovu ,,,1434,-2.2,30.1,
7,8969,IS_RW_BG127,6,5,2013,Rwanda,Nyamata,Bugesera,Gitovu ,,,1385,-2.2,30.1,
8,8970,IS_RW_BG128,4,5,2013,Rwanda,Nyamata,Bugesera,Nyarugati II,,,1438,-2.2,30.1,
9,8971,IS_RW_BG129,2,5,2013,Rwanda,Mareba,Bugesera,Rwabikano,,,1404,-2.3,30.1,
10,8972,IS_RW_BG130,2,5,2013,Rwanda,Mareba,Bugesera,Rwabikano,,,1409,-2.3,30.1,
11,8973,IS_RW_BG131,1,5,2013,Rwanda,Mareba,Bugesera,Rusenyi,,,1425,-2.3,30.1,
12,8974,IS_RW_BG132,1,5,2013,Rwanda,Mareba,Bugesera,Nyamigisha,,,1453,-2.3,30,
13,8975,IS_RW_BG133,1,5,2013,Rwanda,Mareba,Bugesera,Rusenyi,,,1409,-2.3,30.1,
14,8976,IS_RW_BG134,1,5,2013,Rwanda,Mareba,Bugesera,Ruyenzi,,,1439,-2.2,30,
15,8977,IS_RW_BG135,1,5,2013,Rwanda,Mareba,Bugesera,Karwana,,,1459,-2.3,30,
16,8978,IS_RW_BG136,1,5,2013,Rwanda,Mareba,Bugesera,Kabere,,,1435,-2.2,30,
17,8979,IS_RW_BG137,1,5,2013,Rwanda,Mareba,Bugesera,Gitwa,,,1468,-2.3,30,
18,8980,IS_RW_BG138,30,4,2013,Rwanda,Musenyi,Bugesera,Mbonwa,,,1413,-2.2,30.1,
19,8981,IS_RW_BG139,7,5,2013,Rwanda,Musenyi,Bugesera,Nyakajuri,,,1393,-2.2,30.1,
20,8982,IS_RW_BG140,1,5,2013,Rwanda,Musenyi,Bugesera,Gatoki,,,1454,-2.2,30.1,
21,8983,IS_RW_BG141,1,5,2013,Rwanda,Musenyi,Bugesera,Gatoki,,,1448,-2.2,30.1,
22,8984,IS_RW_BG142,30,4,2013,Rwanda,Musenyi,Bugesera,Kigusa,,,1434,-2.2,30.1,
23,8985,IS_RW_BG143,30,4,2013,Rwanda,Musenyi,Bugesera,Nyakajuri,,,1394,-2.2,30.1,
24,8986,IS_RW_BG144,7,5,2013,Rwanda,Musenyi,Bugesera,Gitagata,,,1379,-2.2,30.1,
25,8987,IS_RW_BG145,30,4,2013,Rwanda,Musenyi,Bugesera,Gitagata,,,1460,-2.2,30.1,
26,8988,IS_RW_BG146,1,5,2013,Rwanda,Musenyi,Bugesera,Rugarama,,,1400,-2.2,30.1,
27,8989,IS_RW_BG147,30,4,2013,Rwanda,Musenyi,Bugesera,Gitagata,,,1473,-2.2,30.1,
28,8990,IS_RW_BG148,1,5,2013,Rwanda,Musenyi,Bugesera,Rugarama,,,1393,-2.2,30.1,
29,8991,IS_RW_BG149,1,5,2013,Rwanda,Musenyi,Bugesera,Rugarama,,,1395,-2.2,30.1,
30,8992,IS_RW_BG150,2,5,2013,Rwanda,Mareba,Bugesera,Gatare,,,1396,-2.3,30.1,
31,8993,IS_RW_BG151,2,5,2013,Rwanda,Nyamata,Bugesera,Nyarugati I,,,1420,-2.2,30.1,
32,8994,IS_RW_BG152,2,5,2013,Rwanda,Nyamata,Bugesera,Nyarugati II,,,1420,-2.2,30.1,
33,8995,IS_RW_BG153,2,5,2013,Rwanda,Nyamata,Bugesera,Nyarugati I,,,1423,-2.2,30.1,
34,8996,IS_RW_BG154,3,5,2013,Rwanda,Nyamata,Bugesera,Gitovu,,,1366,-2.2,30.1,
35,8997,IS_RW_BG155,6,5,2013,Rwanda,Nyamata,Bugesera,Kagirazina,,,1396,-2.2,30.1,
36,8998,IS_RW_BG156,6,5,2013,Rwanda,Nyamata,Bugesera,Kagirazina,,,1424,-2.2,30.1,
37,8999,IS_RW_BG157,6,5,2013,Rwanda,Nyamata,Bugesera,Kagirazina,,,1394,-2.2,30.1,
38,9000,IS_RW_BG158,5,5,2013,Rwanda,Nyamata,Bugesera,Gitovu,,,1366,-2.2,30.1,
39,9001,IS_RW_BG159,4,5,2013,Rwanda,Nyamata,Bugesera,Nyarugati I,,,1427,-2.2,30.1,
40,9002,IS_RW_BG160,7,5,2013,Rwanda,Nyamata,Bugesera,Nyarugati I,,,1423,-2.2,30.1,
41,9003,IS_RW_BG161,5,5,2013,Rwanda,Nyamata,Bugesera,Nyarugati II,,,1358,-2.2,30.1,
42,9004,IS_RW_BG162,4,5,2013,Rwanda,Nyamata,Bugesera,Nyarugati II,,,1442,-2.2,30.1,
43,9005,IS_RW_BG163,5,5,2013,Rwanda,Nyamata,Bugesera,Nyarugati II,,,1462,-2.2,30.1,
44,9006,IS_RW_BG164,4,5,2013,Rwanda,Nyamata,Bugesera,Nyarugati I,,,1419,-2.2,30.1,
45,9007,IS_RW_BG165,30,4,2013,Rwanda,Musenyi,Bugesera,Mbonwa,,,1394,-2.3,30.1,
46,9008,IS_RW_BG166,7,5,2013,Rwanda,Musenyi,Bugesera,Nyakajuri,,,1395,-2.2,30.1,
47,9009,IS_RW_BG167,30,4,2013,Rwanda,Musenyi,Bugesera,Mbonwa,,,1396,-2.2,30.1,
48,9010,IS_RW_BG168,30,4,2013,Rwanda,Musenyi,Bugesera,Mbonwa,,,1422,-2.2,30,
49,9011,IS_RW_BG169,30,5,2013,Rwanda,Musenyi,Bugesera,Gitagata,,,1469,-2.2,30.1,
50,9012,IS_RW_BG170,30,4,2013,Rwanda,Musenyi,Bugesera,Gitagata,,,1429,-2.2,30.1,
51,9013,IS_RW_BG171,30,4,2013,Rwanda,Musenyi,Bugesera,Kigusa,,,1431,-2.2,30.1,
52,9014,IS_RW_BG172,1,5,2013,Rwanda,Musenyi,Bugesera,Rugarama,,,1396,-2.2,30.1,
53,9015,IS_RW_BG173,1,5,2013,Rwanda,Musenyi,Bugesera,Rugarama,,,1403,-2.2,30.1,
54,9016,IS_RW_BG174,1,5,2013,Rwanda,Musenyi,Bugesera,Rugarama,,,1407,-2.2,30.1,
55,9017,IS_RW_BG175,1,5,2013,Rwanda,Musenyi,Bugesera,Rugarama,,,1409,-2.2,30.1,
56,9018,IS_RW_BG176,2,4,2013,Rwanda,Mareba,Bugesera,Matinza,,,1458,-2.3,30.1,
57,9019,IS_RW_BG177,1,5,2013,Rwanda,Mareba,Bugesera,Kabere,,,1439,-2.2,30,
58,9020,IS_RW_BG178,1,5,2013,Rwanda,Mareba,Bugesera,Kaziranyenzi,,,1411,-2.2,30,
59,9021,IS_RW_BG179,2,5,2013,Rwanda,Mareba,Bugesera,Rwabikwano,,,1408,-2.3,30.1,
60,9022,IS_RW_BG180,2,5,2013,Rwanda,Mareba,Bugesera,Rwabikwano,,,1434,-2.3,30.1,
61,9023,IS_RW_BR181,2,5,2013,Rwanda,Rugarama,Burera,Basumba,,,2030,-1.4,29.7,
62,9024,IS_RW_BR182,15,8,2013,Rwanda,Kinoni,Burera,Bugeyo,,,2064,-1.4,29.7,
63,9025,IS_RW_BR183,15,8,2013,Rwanda,Kinoni,Burera,Kanoni,,,2042,-1.4,29.7,
64,9026,IS_RW_BR184,15,8,2013,Rwanda,Kinoni,Burera,Bugeyo,,,2050,-1.4,29.7,
65,9027,IS_RW_BR185,14,8,2013,Rwanda,Kinoni,Burera,Bugeyo,,,2064,-1.4,29.7,
66,9028,IS_RW_BR186,14,8,2013,Rwanda,Kinoni,Burera,Sunzu,,,2057,-1.4,29.7,
67,9029,IS_RW_BR187,14,8,2013,Rwanda,Kinoni,Burera,Bugeyo,,,2055,-1.4,29.7,
68,9030,IS_RW_BR188,3,5,2013,Rwanda,Kinoni,Burera,Kanoni,,,1989,-1.4,29.7,
69,9031,IS_RW_BR189,14,8,2013,Rwanda,Kinoni,Burera,Bugeyo,,,2068,-1.4,29.7,
70,9032,IS_RW_BR190,7,5,2013,Rwanda,Kinoni,Burera,Kanoni,,,1982,-1.4,29.7,
71,9033,IS_RW_BR191,16,8,2013,Rwanda,Kinoni,Burera,Kanoni,,,1964,-1.4,29.7,
72,9034,IS_RW_BR192,16,8,2013,Rwanda,Kinoni,Burera,Kanoni,,,1976,-1.4,29.7,
73,9035,IS_RW_BR193,16,8,2013,Rwanda,Kinoni,Burera,Bugeyo,,,1983,-1.4,29.7,
74,9036,IS_RW_BR194,16,8,2013,Rwanda,Kinoni,Burera,Bugeyo,,,2101,-1.4,29.7,
75,9037,IS_RW_BR195,4,5,2013,Rwanda,Kinoni,Burera,Mbaya,,,1866,-1.5,29.7,
76,9038,IS_RW_BR196,4,5,2013,Rwanda,Kinoni,Burera,Mbaya,,,1861,-1.5,29.7,
77,9039,IS_RW_BR197,17,8,2013,Rwanda,Kinoni,Burera,Bugeyo,,,2107,-1.4,29.7,
78,9040,IS_RW_BR198,14,8,2013,Rwanda,Kinoni,Burera,Bugeyo,,,2072,-1.4,29.7,
79,9041,IS_RW_BR199,17,8,2013,Rwanda,Kinoni,Burera,Sunzu,,,2046,-1.4,29.7,
80,9042,IS_RW_BR200,17,8,2013,Rwanda,Kinoni,Burera,Bugeyo,,,2074,-1.4,29.7,
81,9043,IS_RW_BR201,1,5,2013,Rwanda,Kinoni,Burera,Sunzu,,,2043,-1.4,29.7,
82,9044,IS_RW_BR202,2,5,2013,Rwanda,Kinoni,Burera,Kigugo,,,1996,-1.4,29.7,
83,9045,IS_RW_BR203,17,8,2013,Rwanda,Kinoni,Burera,Bugeyo,,,2026,-1.4,29.7,
84,9046,IS_RW_BR204,17,8,2013,Rwanda,Kinoni,Burera,Bugeyo,,,2025,-1.4,29.7,
85,9047,IS_RW_BR205,3,5,2013,Rwanda,Kinoni,Burera,Ntwana,,,1902,-1.5,29.7,
86,9048,IS_RW_BR206,6,5,2013,Rwanda,Rugarama,Burera,Kabaya,,,2153,-1.4,29.7,
87,9049,IS_RW_BR207,6,5,2013,Rwanda,Rugarama,Burera,Gacogo,,,2034,-1.4,29.7,
88,9050,IS_RW_BR208,13,8,2013,Rwanda,Kinoni,Burera,Bugeyo,,,2076,-1.4,29.7,
89,9051,IS_RW_BR209,14,8,2013,Rwanda,Kinoni,Burera,Bugeyo,,,2078,-1.4,29.7,
90,9052,IS_RW_BR210,13,8,2013,Rwanda,Kinoni,Burera,Bugeyo,,,2061,-1.4,29.7,
91,9053,IS_RW_BR211,6,5,2013,Rwanda,Nemba,Burera,Kagesera,,,2077,-1.6,29.9,
92,9054,IS_RW_BR212,7,5,2013,Rwanda,Nemba,Burera,Kagesera,,,2099,-1.6,29.9,
93,9055,IS_RW_BR213,6,5,2013,Rwanda,Nemba,Burera,Kagesera,,,2085,-1.6,29.9,
94,9056,IS_RW_BR214,7,5,2013,Rwanda,Nemba,Burera,Kagesera,,,2125,-1.5,29.9,
95,9057,IS_RW_BR215,6,5,2013,Rwanda,Nemba,Burera,Kagesera,,,2104,-1.6,29.9,
96,9058,IS_RW_BR216,6,5,2013,Rwanda,Nemba,Burera,Kagesera,,,2090,-1.6,29.9,
97,9059,IS_RW_BR217,7,5,2013,Rwanda,Nemba,Burera,Kagesera,,,2124,-1.6,29.9,
98,9060,IS_RW_BR218,7,5,2013,Rwanda,Nemba,Burera,Kagesera,,,2123,-1.6,29.9,
99,9061,IS_RW_BR219,2,5,2013,Rwanda,Nemba,Burera,Kagesera,,,2223,-1.6,29.9,
100,9062,IS_RW_BR220,30,4,2013,Rwanda,Nemba,Burera,Kagesera,,,2096,-1.6,29.9,
101,9063,IS_RW_BR221,6,5,2013,Rwanda,Nemba,Burera,Kagesera,,,2134,-1.6,29.9,
102,9064,IS_RW_BR222,7,5,2013,Rwanda,Nemba,Burera,Kagesera,,,2131,-1.6,29.9,
103,9065,IS_RW_BR223,6,5,2013,Rwanda,Nemba,Burera,Kagesera,,,2118,-1.6,29.9,
104,9066,IS_RW_BR224,6,5,2013,Rwanda,Nemba,Burera,Kagesera,,,2127,-1.6,29.9,
105,9067,IS_RW_BR225,2,5,2013,Rwanda,Nemba,Burera,Kagesera,,,2161,-1.6,29.9,
106,9068,IS_RW_BR226,2,5,2013,Rwanda,Nemba,Burera,Kagesera,,,2082,-1.6,29.9,
107,9069,IS_RW_BR227,6,5,2013,Rwanda,Nemba,Burera,Kagesera,,,2135,-1.6,29.9,
108,9070,IS_RW_BR228,7,5,2013,Rwanda,Nemba,Burera,Kagesera,,,2113,-1.6,29.9,
109,9071,IS_RW_BR229,7,5,2013,Rwanda,Nemba,Burera,Kagesera,,,2060,-1.6,29.9,
110,9072,IS_RW_BR230,9,5,2013,Rwanda,Nemba,Burera,Kagesera,,,2072,-1.6,29.9,
111,9073,IS_RW_BR231,7,5,2013,Rwanda,Nemba,Burera,Kagesera,,,2110,-1.6,29.9,
112,9074,IS_RW_BR232,7,5,2013,Rwanda,Nemba,Burera,Kagesera,,,2087,-1.6,29.9,
113,9075,IS_RW_BR233,1,5,2013,Rwanda,Nemba,Burera,Kagesera,,,2100,-1.6,29.9,
114,9076,IS_RW_BR234,6,5,2013,Rwanda,Nemba,Burera,Mugomero,,,2121,-1.6,29.9,
115,9077,IS_RW_BR235,30,4,2013,Rwanda,Nemba,Burera,Kagesera,,,2080,-1.6,29.9,
116,9078,IS_RW_BR236,1,5,2013,Rwanda,Nemba,Burera,Kagesera,,,2053,-1.6,29.9,
117,9079,IS_RW_BR237,3,5,2013,Rwanda,Nemba,Burera,Mugomero,,,2181,-1.6,29.8,
118,9080,IS_RW_BR238,2,5,2013,Rwanda,Nemba,Burera,Kagesera,,,2089,-1.6,29.9,
119,9081,IS_RW_BR239,1,5,2013,Rwanda,Nemba,Burera,Kagesera,,,2107,-1.6,29.9,
120,9082,IS_RW_BR240,6,5,2013,Rwanda,Nemba,Burera,Kagesera,,,2085,-1.6,29.9,
121,9083,IS_RW_GK241,8,5,2013,Rwanda,Cyabingo,Gakenke,Musebeya,,,1744,-1.6,29.7,
122,9084,IS_RW_GK242,18,8,2013,Rwanda,Rwaza,Gakenke,Mutara,,,1800,-1.6,29.7,
123,9085,IS_RW_GK243,4,5,2013,Rwanda,Cyabingo,Gakenke,Ntaraga,,,1822,-1.6,29.7,
124,9086,IS_RW_GK244,2,5,2013,Rwanda,Cyabingo,Gakenke,Butaraga,,,1822,-1.6,29.7,
125,9087,IS_RW_GK245,4,5,2013,Rwanda,Cyabingo,Gakenke,Ntaraga,,,1798,-1.6,29.7,
126,9088,IS_RW_GK246,7,5,2013,Rwanda,Rwaza,Gakenke,Gihango,,,1755,-1.6,29.7,
127,9089,IS_RW_GK247,7,5,2013,Rwanda,Rwaza,Gakenke,Gihango,,,1774,-1.6,29.7,
128,9090,IS_RW_GK248,4,5,2013,Rwanda,Cyabingo,Gakenke,Ntaraga,,,1823,-1.6,29.7,
129,9091,IS_RW_GK249,6,5,2013,Rwanda,Cyabingo,Gakenke,Rugendabali,,,1878,-1.6,29.7,
130,9092,IS_RW_GK250,4,5,2013,Rwanda,Muhaza,Gakenke,Ntaraga,,,1804,-1.6,29.7,
131,9093,IS_RW_GK251,6,5,2013,Rwanda,Kivuruga,Gakenke,Ngarama,,,1996,-1.6,29.8,
132,9094,IS_RW_GK252,30,4,2013,Rwanda,Cyabingo,Gakenke,Kabuga,,,1863,-1.5,29.7,
133,9095,IS_RW_GK253,19,8,2013,Rwanda,Rwaza,Gakenke,Mutara,,,1802,-1.6,29.7,
134,9096,IS_RW_GK254,19,8,2013,Rwanda,Rwaza,Gakenke,Mutara,,,1756,-1.6,29.7,
135,9097,IS_RW_GK255,20,8,2013,Rwanda,Rwaza,Gakenke,Mutara,,,1804,-1.6,29.7,
136,9098,IS_RW_GK256,19,8,2013,Rwanda,Rwaza,Gakenke,Mutara,,,1821,-1.6,29.7,
137,9099,IS_RW_GK257,6,5,2013,Rwanda,Cyabingo,Gakenke,Nyabisika,,,1882,-1.6,29.7,
138,9100,IS_RW_GK258,7,5,2013,Rwanda,Kivuruga,Gakenke,Kintare,,,1845,-1.6,29.7,
139,9101,IS_RW_GK259,7,5,2013,Rwanda,Kivuruga,Gakenke,Kabara,,,1927,-1.6,29.8,
140,9102,IS_RW_GK260,7,5,2013,Rwanda,Kivuruga,Gakenke,Masoro,,,2071,-1.6,29.8,
141,9103,IS_RW_GK261,7,5,2013,Rwanda,Kivuruga,Gakenke,Kabara,,,2044,-1.6,29.8,
142,9104,IS_RW_GK262,5,5,2013,Rwanda,Cyabingo,Gakenke,Bukuba,,,1824,-1.6,29.7,
143,9105,IS_RW_GK263,20,8,2013,Rwanda,Rwaza,Gakenke,Kabuye,,,1757,-1.6,29.7,
144,9106,IS_RW_GK264,1,5,2013,Rwanda,Cyabingo,Gakenke,Bukuba,,,1872,-1.6,29.7,
145,9107,IS_RW_GK265,19,8,2013,Rwanda,Rwaza,Gakenke,Mutara,,,1832,-1.6,29.7,
146,9108,IS_RW_GK266,30,4,2013,Rwanda,Cyabingo,Gakenke,Kabuga,,,1863,-1.5,29.7,
147,9109,IS_RW_GK267,19,8,2013,Rwanda,Rwaza,Gakenke,Kiganda,,,1780,-1.6,29.7,
148,9110,IS_RW_GK268,1,5,2013,Rwanda,Cyabingo,Gakenke,Bukuba,,,1875,-1.6,29.7,
149,9111,IS_RW_GK269,8,5,2013,Rwanda,Cyabingo,Gakenke,Musebeya,,,1741,-1.6,29.7,
150,9112,IS_RW_GK270,8,5,2013,Rwanda,Rwaza,Gakenke,Mutara,,,1683,-1.6,29.7,
151,9113,IS_RW_GK271,7,5,2013,Rwanda,Rwaza,Gakenke,Gihango,,,1765,-1.6,29.7,
152,9114,IS_RW_GK272,7,5,2013,Rwanda,Rwaza,Gakenke,Gihango,,,1762,-1.6,29.7,
153,9115,IS_RW_GK273,8,5,2013,Rwanda,Cyabingo,Gakenke,Musebeya,,,1755,-1.6,29.7,
154,9116,IS_RW_GK274,8,5,2013,Rwanda,Rwaza,Gakenke,Rubabi,,,1700,-1.6,29.7,
155,9117,IS_RW_GK275,4,5,2013,Rwanda,Cyabingo,Gakenke,Ntaraga,,,1821,-1.6,29.7,
156,9118,IS_RW_GK276,6,5,2013,Rwanda,Cyabingo,Gakenke,Rugendabali,,,1882,-1.6,29.7,
157,9119,IS_RW_GK277,20,8,2013,Rwanda,Rwaza,Gakenke,Mutara,,,1798,-1.6,29.7,
158,9120,IS_RW_GK278,7,5,2013,Rwanda,Rwaza,Gakenke,Gihango,,,1770,-1.6,29.7,
159,9121,IS_RW_GK279,3,5,2013,Rwanda,Cyabingo,Gakenke,Buraza,,,1777,-1.6,29.7,
160,9122,IS_RW_GK280,7,5,2013,Rwanda,Rwaza,Gakenke,Gihango,,,1771,-1.6,29.7,
161,9123,IS_RW_GK281,5,5,2013,Rwanda,Cyabingo,Gakenke,Bukuba,,,1923,-1.6,29.7,
162,9124,IS_RW_GK282,8,5,2013,Rwanda,Cyabingo,Gakenke,Musebeya,,,1752,-1.6,29.7,
163,9125,IS_RW_GK283,6,5,2013,Rwanda,Cyabingo,Gakenke,Nyabisika,,,1882,-1.6,29.7,
164,9126,IS_RW_GK284,7,5,2013,Rwanda,Kivuruga,Gakenke,Kabara,,,1917,-1.6,29.8,
165,9127,IS_RW_GK285,20,8,2013,Rwanda,Rwaza,Gakenke,Mutara,,,1784,-1.6,29.7,
166,9128,IS_RW_GK286,5,5,2013,Rwanda,Cyabingo,Gakenke,Gatare,,,1942,-1.6,29.7,
167,9129,IS_RW_GK287,6,5,2013,Rwanda,Cyabingo,Gakenke,Nyabisika,,,1917,-1.6,29.7,
168,9130,IS_RW_GK288,3,5,2013,Rwanda,Cyabingo,Gakenke,Burasa,,,1777,-1.6,29.7,
169,9131,IS_RW_GK289,6,5,2013,Rwanda,Cyabingo,Gakenke,Nyabisika,,,1910,-1.6,29.7,
170,9132,IS_RW_GK290,8,5,2013,Rwanda,Rwaza,Gakenke,Rubabi,,,1668,-1.5,29.7,
171,9133,IS_RW_GK291,8,5,2013,Rwanda,Rwaza,Gakenke,Rubabi,,,1692,-1.6,29.7,
172,9134,IS_RW_GK292,2,5,2013,Rwanda,Cyabingo,Gakenke,Butaraga,,,1785,-1.6,29.7,
173,9135,IS_RW_GK293,2,5,2013,Rwanda,Cyabingo,Gakenke,Butaraga,,,1788,-1.6,29.7,
174,9136,IS_RW_GK294,30,4,2013,Rwanda,Cyabingo,Gakenke,Kabuga,,,1861,-1.5,29.7,
175,9137,IS_RW_GK295,18,8,2013,Rwanda,Rwaza,Gakenke,Mutara,,,1816,-1.6,29.7,
176,9138,IS_RW_GK296,18,8,2013,Rwanda,Rwaza,Gakenke,Mutara,,,1828,-1.6,29.7,
177,9139,IS_RW_GK297,30,4,2013,Rwanda,Cyabingo,Gakenke,Kabuga,,,1832,-1.5,29.7,
178,9140,IS_RW_GK298,2,5,2013,Rwanda,Cyabingo,Gakenke,Butaraga,,,1817,-1.6,29.7,
179,9141,IS_RW_GK299,3,5,2013,Rwanda,Cyabingo,Gakenke,Buraza,,,1793,-1.6,29.7,
180,9142,IS_RW_GK300,18,8,2013,Rwanda,Rwaza,Gakenke,Mutara,,,1787,-1.6,29.7,
181,9143,IS_RW_KM001,1,5,2013,Rwanda,Nyamiyaga,Kamonyi,Mbati,,,1553,-2.1,29.9,
182,9144,IS_RW_KM002,29,4,2013,Rwanda,Musambira,Kamonyi,Nyamirembe,,,1683,-2,29.8,
183,9145,IS_RW_KM003,30,4,2013,Rwanda,Nyarubaka,Kamonyi,Kigarama,,,1593,-2.1,29.8,
184,9146,IS_RW_KM004,29,4,2013,Rwanda,Musambira,Kamonyi,Gihembe,,,1651,-2,29.9,
185,9147,IS_RW_KM005,29,4,2013,Rwanda,Nyarubaka,Kamonyi,Buhunga,,,1611,-2.1,29.8,
186,9148,IS_RW_KM006,29,4,2013,Rwanda,Musambira,Kamonyi,Gihembe,,,1668,-2,29.8,
187,9149,IS_RW_KM007,29,4,2013,Rwanda,Musambira,Kamonyi,Ruvumura,,,1706,-2.1,29.8,
188,9150,IS_RW_KM008,1,5,2013,Rwanda,Nyamiyaga,Kamonyi,Mbati,,,1510,-2.1,30,
189,9151,IS_RW_KM009,30,4,2013,Rwanda,Nyarubaka,Kamonyi,Kintama,,,1589,-2.1,29.9,
190,9152,IS_RW_KM010,29,4,2013,Rwanda,Musambira,Kamonyi,Ruvumura,,,1637,-2.1,29.9,
191,9153,IS_RW_KM011,29,4,2013,Rwanda,Musambira,Kamonyi,Ruvumura,,,1693,-2.1,29.8,
192,9154,IS_RW_KM012,30,4,2013,Rwanda,Nyarubaka,Kamonyi,Kintama,,,1552,-2.1,29.9,
193,9155,IS_RW_KM013,29,4,2013,Rwanda,Gacurabwenge,Kamonyi,Kigembe,,,1687,-2,29.9,
194,9156,IS_RW_KM014,29,4,2013,Rwanda,Gacurabwenge,Kamonyi,Rugobagoba,,,1718,-2,29.9,
195,9157,IS_RW_KM015,29,4,2013,Rwanda,Nyamiyaga,Kamonyi,Murehe,,,1523,-2.1,29.9,
196,9158,IS_RW_KM016,30,4,2013,Rwanda,Nyarubaka,Kamonyi,Birembo,,,1569,-2.1,29.9,
197,9159,IS_RW_KM017,29,4,2013,Rwanda,Nyarubaka,Kamonyi,Kigarama,,,1679,-2.1,29.8,
198,9160,IS_RW_KM018,3,5,2013,Rwanda,Musambira,Kamonyi,Kabatsi,,,1713,-2,29.9,
199,9161,IS_RW_KM019,3,5,2013,Rwanda,Musambira,Kamonyi,Migina,,,1652,-2,29.9,
200,9162,IS_RW_KM020,3,5,2013,Rwanda,Nyamiyaga,Kamonyi,Buhoro,,,1698,-2,29.9,
201,9163,IS_RW_KM021,2,5,2013,Rwanda,Nyarubaka,Kamonyi,Kabungo,,,1539,-2.1,29.9,
202,9164,IS_RW_KM022,22,5,2013,Rwanda,Nyarubaka,Kamonyi,Kabungo,,,1549,-2.1,29.9,
203,9165,IS_RW_KM023,1,5,2013,Rwanda,Nyamiyaga,Kamonyi,Ruvugizo,,,1627,-2,29.9,
204,9166,IS_RW_KM024,29,4,2013,Rwanda,Nyarubaka,Kamonyi,Buhunga,,,1683,-2.1,29.8,
205,9167,IS_RW_KM025,29,4,2013,Rwanda,Musambira,Kamonyi,Nkomane,,,1668,-2,29.8,
206,9168,IS_RW_KM026,29,4,2013,Rwanda,Musambira,Kamonyi,Bitsubo,,,1572,-2,29.9,
207,9169,IS_RW_KM027,29,4,2013,Rwanda,Nyarubaka,Kamonyi,Kigarama,,,1662,-2.1,29.8,
208,9170,IS_RW_KM028,1,5,2013,Rwanda,Nyamiyaga,Kamonyi,Ruvugizo,,,1560,-2.1,29.9,
209,9171,IS_RW_KM029,1,5,2013,Rwanda,Nyamiyaga,Kamonyi,Rugwiro,,,1650,-2,29.9,
210,9172,IS_RW_KM030,30,4,2013,Rwanda,Nyarubaka,Kamonyi,Mugereke,,,1789,-2.1,29.8,
211,9173,IS_RW_KM031,30,4,2013,Rwanda,Nyarubaka,Kamonyi,Gitego,,,1746,-2.1,29.8,
212,9174,IS_RW_KM032,3,5,2013,Rwanda,Musambira,Kamonyi,Rubango,,,1695,-2,29.8,
213,9175,IS_RW_KM033,30,4,2013,Rwanda,Nyarubaka,Kamonyi,Tare,,,1681,-2.1,29.8,
214,9176,IS_RW_KM034,3,5,2013,Rwanda,Musambira,Kamonyi,Kabatsi,,,1681,-2,29.9,
215,9177,IS_RW_KM035,3,5,2013,Rwanda,Musambira,Kamonyi,Busasamana,,,1673,-2,29.9,
216,9178,IS_RW_KM036,2,5,2013,Rwanda,Nyarubaka,Kamonyi,Kigwene,,,1634,-2.1,29.9,
217,9179,IS_RW_KM037,1,5,2013,Rwanda,Nyamiyaga,Kamonyi,Rugwiro,,,1636,-2,29.9,
218,9180,IS_RW_KM038,1,5,2013,Rwanda,Nyamiyaga,Kamonyi,Mbati,,,1494,-2.1,30,
219,9181,IS_RW_KM039,30,4,2013,Rwanda,Nyarubaka,Kamonyi,Kanombe,,,1734,-2.1,29.8,
220,9182,IS_RW_KM040,29,4,2013,Rwanda,Nyarubaka,Kamonyi,Karara,,,1687,-2.1,29.8,
221,9183,IS_RW_KM041,29,4,2013,Rwanda,Nyarubaka,Kamonyi,Kibingo,,,1745,-2.1,29.8,
222,9184,IS_RW_KM042,29,4,2013,Rwanda,Nyamiyaga,Kamonyi,Rugwiro,,,1725,-2,29.9,
223,9185,IS_RW_KM043,2,5,2013,Rwanda,Nyarubaka,Kamonyi,Nyiragihamba,,,1561,-2.1,29.9,
224,9186,IS_RW_KM044,3,5,2013,Rwanda,Musambira,Kamonyi,Kabatsi,,,1699,-2,29.9,
225,9187,IS_RW_KM045,3,5,2013,Rwanda,Musambira,Kamonyi,Bitsibo,,,1593,-2,29.9,
226,9188,IS_RW_KM046,4,5,2013,Rwanda,Nyamiyaga,Kamonyi,Murambi,,,1450,-2.1,29.9,
227,9189,IS_RW_KM047,4,5,2013,Rwanda,Musambira,Kamonyi,Nyamirembe,,,1656,-2,29.8,
228,9190,IS_RW_KM048,4,5,2013,Rwanda,Musambira,Kamonyi,Ruvumura,,,1749,-2,29.8,
229,9191,IS_RW_KM049,5,5,2013,Rwanda,Musambira,Kamonyi,Ruvumura,,,1619,-2.1,29.9,
230,9192,IS_RW_KM050,1,5,2013,Rwanda,Nyamiyaga,Kamonyi,Kirehe,,,1649,-2,29.9,
231,9193,IS_RW_KM051,2,5,2013,Rwanda,Nyarubaka,Kamonyi,Kabungo,,,1611,-2.1,29.9,
232,9194,IS_RW_KM052,2,5,2013,Rwanda,Nyarubaka,Kamonyi,Nyagihamba,,,1570,-2.1,29.9,
233,9195,IS_RW_KM053,5,5,2013,Rwanda,Musambira,Kamonyi,Ruvumura,,,1621,-2.1,29.9,
234,9196,IS_RW_KM054,5,5,2013,Rwanda,Musambira,Kamonyi,Ruvumura,,,1622,-2.1,29.9,
235,9197,IS_RW_KM055,5,5,2013,Rwanda,Musambira,Kamonyi,Ruvumura,,,1755,-2,29.8,
236,9198,IS_RW_KM056,5,5,2013,Rwanda,Nyamiyaga,Kamonyi,Murambi,,,1511,-2.1,29.9,
237,9199,IS_RW_KM057,4,5,2013,Rwanda,Nyamiyaga,Kamonyi,Murambi,,,1476,-2.1,29.9,
238,9200,IS_RW_KM058,2,5,2013,Rwanda,Nyarubaka,Kamonyi,Kabungo,,,1537,-2.1,29.9,
239,9201,IS_RW_KM059,1,5,2013,Rwanda,Nyamiyaga,Kamonyi,Mbati,,,1489,-2.1,30,
240,9202,IS_RW_KM060,1,5,2013,Rwanda,Nyamiyaga,Kamonyi,Mbati,,,1553,-2.1,29.9,
241,9203,IS_RW_KY061,1,5,2013,Rwanda,Rukara,Kayonza,Karama,,,1568,-1.8,30.5,
242,9204,IS_RW_KY062,2,5,2013,Rwanda,Rukara,Kayonza,Butimba,,,1513,-1.8,30.5,
243,9205,IS_RW_KY063,1,5,2013,Rwanda,Rukara,Kayonza,Gakenyeri,,,1564,-1.8,30.5,
244,9206,IS_RW_KY064,1,5,2013,Rwanda,Rukara,Kayonza,Gakenyeri,,,1549,-1.8,30.4,
245,9207,IS_RW_KY065,2,5,2013,Rwanda,Rukara,Kayonza,Karambo I,,,1056,-1.8,30.5,
246,9208,IS_RW_KY066,2,5,2013,Rwanda,Rukara,Kayonza,Butima I,,,1527,-1.8,30.5,
247,9209,IS_RW_KY067,30,4,2013,Rwanda,Rukara,Kayonza,Gakenyeri,,,1574,-1.8,30.5,
248,9210,IS_RW_KY068,5,5,2013,Rwanda,Rukara,Kayonza,Ruyenzi,,,1596,-1.8,30.5,
249,9211,IS_RW_KY069,2,5,2013,Rwanda,Rukara,Kayonza,Karambo I,,,1497,-1.8,30.5,
250,9212,IS_RW_KY070,2,5,2013,Rwanda,Rukara,Kayonza,Karambo I,,,1513,-1.8,30.5,
251,9213,IS_RW_KY071,3,5,2013,Rwanda,Rukara,Kayonza,Kidogo,,,1562,-1.8,30.5,
252,9214,IS_RW_KY072,3,5,2013,Rwanda,Rukara,Kayonza,Kidogo,,,1574,-1.8,30.5,
253,9215,IS_RW_KY073,4,5,2013,Rwanda,Nyamirama,Kayonza,Gasogi,,,1574,-1.9,30.5,
254,9216,IS_RW_KY074,3,5,2013,Rwanda,Rukara,Kayonza,Nyarutunga II,,,1594,-1.8,30.5,
255,9217,IS_RW_KY075,3,5,2013,Rwanda,Nyamirama,Kayonza,Gasogi,,,1586,-1.9,30.5,
256,9218,IS_RW_KY076,2,5,2013,Rwanda,Nyamirama,Kayonza,Gasogi,,,1520,-1.9,30.5,
257,9219,IS_RW_KY077,5,5,2013,Rwanda,Nyamirama,Kayonza,Gasogi,,,1564,-1.9,30.5,
258,9220,IS_RW_KY078,2,5,2013,Rwanda,Rwinkwavu,Kayonza,Twibanire,,,1402,-2,30.6,
259,9221,IS_RW_KY079,3,5,2013,Rwanda,Nyamirama,Kayonza,Gasogi,,,1617,-1.9,30.5,
260,9222,IS_RW_KY080,4,5,2013,Rwanda,Nyamirama,Kayonza,Gasogi,,,1578,-1.9,30.5,
261,9223,IS_RW_KY081,4,5,2013,Rwanda,Nyamirama,Kayonza,Gasogi,,,1590,-1.9,30.5,
262,9224,IS_RW_KY082,1,5,2013,Rwanda,Rwinkwavu ,Kayonza,Dusabane,,,1477,-1.9,30.6,
263,9225,IS_RW_KY083,1,5,2013,Rwanda,Nyamirama,Kayonza,,,,1554,-1.9,30.5,
264,9226,IS_RW_KY084,4,5,2013,Rwanda,Nyamirama,Kayonza,Gasharu,,,1571,-1.9,30.5,
265,9227,IS_RW_KY085,4,5,2013,Rwanda,Nyamirama,Kayonza,Gasharu,,,1575,-1.9,30.5,
266,9228,IS_RW_KY086,30,4,2013,Rwanda,Rwinkwavu,Kayonza,Nkondo II,,,1419,-1.9,30.5,
267,9229,IS_RW_KY087,1,5,2013,Rwanda,Rwinkwavu,Kayonza,Twibanire,,,1440,-2,30.6,
268,9230,IS_RW_KY088,30,4,2013,Rwanda,Rwinkwavu,Kayonza,Nkondo II,,,1365,-1.9,30.6,
269,9231,IS_RW_KY089,4,5,2013,Rwanda,Nyamirama,Kayonza,Gasogi,,,1621,-2,30.5,
270,9232,IS_RW_KY090,5,5,2013,Rwanda,Nyamirama,Kayonza,Gasharu,,,1568,-2,30.5,
271,9233,IS_RW_KY091,4,5,2013,Rwanda,Nyamirama,Kayonza,Gasogi,,,1577,-1.9,30.5,
272,9234,IS_RW_KY092,4,5,2013,Rwanda,Nyamirama,Kayonza,Gasharu,,,1574,-1.9,30.5,
273,9235,IS_RW_KY093,30,4,2013,Rwanda,Rwinkwavu,Kayonza,Nkondo II,,,1386,-1.9,30.6,
274,9236,IS_RW_KY094,2,5,2013,Rwanda,Nyamirama,Kayonza,Gasogi,,,1556,-1.9,30.5,
275,9237,IS_RW_KY095,2,5,2013,Rwanda,Nyamirama,Kayonza,Rugagi,,,1597,-1.9,30.5,
276,9238,IS_RW_KY096,5,5,2013,Rwanda,Nyamirama,Kayonza,Nyakagarama,,,,-1.9,30.5,
277,9239,IS_RW_KY097,5,5,2013,Rwanda,Nyamirama,Kayonza,Nyakagarama,,,1595,-1.9,30.5,
278,9240,IS_RW_KY098,5,5,2013,Rwanda,Rwinkwavu,Kayonza,Nkondo II,,,1366,-1.9,30.6,
279,9241,IS_RW_KY099,,,,Rwanda,Rwinkwavu,Kayonza,Kageyo,,,1430,-2,30.6,
280,9242,IS_RW_KY100,5,5,2013,Rwanda,Nyamirama,Kayonza,Gasharu,,,1534,-2,30.5,
281,9243,IS_RW_KY101,30,4,2013,Rwanda,Rwinkwavu,Kayonza,Nkondo II,,,1379,-1.9,30.6,
282,9244,IS_RW_KY102,2,5,2013,Rwanda,Rukara,Kayonza,Karambo II,,,1499,-1.8,30.5,
283,9245,IS_RW_KY103,4,5,2013,Rwanda,Nyamirama,Kayonza,Gasharu,,,1581,-1.9,30.5,
284,9246,IS_RW_KY104,2,5,2013,Rwanda,Rukara,Kayonza,Karambo II,,,1501,-1.8,30.5,
285,9247,IS_RW_KY105,4,5,2013,Rwanda,Nyamirama,Kayonza,Gasharu,,,1558,-2,30.5,
286,9248,IS_RW_KY106,4,5,2013,Rwanda,Nyamirama,Kayonza,Gasogi,,,1553,-1.9,30.5,
287,9249,IS_RW_KY107,3,5,2013,Rwanda,Rukara,Kayonza,Nyarutunga II,,,1581,-1.8,30.5,
288,9250,IS_RW_KY108,30,4,2013,Rwanda,Kawangire,Kayonza,Kidogo,,,1576,-1.8,30.5,
289,9251,IS_RW_KY109,30,4,2013,Rwanda,Rukara,Kayonza,Karama,,,1578,-1.8,30.5,
290,9252,IS_RW_KY110,30,4,2013,Rwanda,Rukara,Kayonza,Butimba II,,,1529,-1.8,30.5,
291,9253,IS_RW_KY111,3,5,2013,Rwanda,Rukara,Kayonza,Karama,,,1589,-1.8,30.5,
292,9254,IS_RW_KY112,1,5,2013,Rwanda,Rukara,Kayonza,Kidogo,,,1508,-1.8,30.5,
293,9255,IS_RW_KY113,3,5,2013,Rwanda,Rukara,Kayonza,Muzizi,,,1600,-1.8,30.5,
294,9256,IS_RW_KY114,3,5,2013,Rwanda,Rukara,Kayonza,Nyagarabuge,,,1617,-1.8,30.5,
295,9257,IS_RW_KY115,5,5,2013,Rwanda,Rukara,Kayonza,Munyinya,,,1571,-1.8,30.5,
296,9258,IS_RW_KY116,4,5,2013,Rwanda,Nyamirama,Kayonza,Gasogi,,,1558,-1.9,30.5,
297,9259,IS_RW_KY117,5,5,2013,Rwanda,Rukara,Kayonza,Karubamba,,,1628,-1.8,30.5,
298,9260,IS_RW_KY118,9,5,2013,Rwanda,Rukara,Kayonza,Nyarutunga I,,,1603,-1.8,30.5,
299,9261,IS_RW_KY119,9,5,2013,Rwanda,Rukara,Kayonza,Gakenyeri,,,1567,-1.8,30.5,
300,9262,IS_RW_KY120,9,5,2013,Rwanda,Rukara,Kayonza,Gakenyeri,,,1545,-1.8,30.5,
